{"cameraMode":{"drawMode":0,"name":"Shaded","section":"Shading Mode"},"sceneLighting":true,"audioPlay":false,"sceneViewState":{"m_AlwaysRefresh":false,"showFog":true,"showSkybox":true,"showFlares":true,"showImageEffects":true,"showParticleSystems":true,"showVisualEffectGraphs":true,"m_FxEnabled":true},"in2DMode":false,"pivot":{"x":-2.5152740478515627,"y":-21.139070510864259,"z":-19.87822151184082},"rotation":{"x":0.40901362895965578,"y":-0.20434726774692536,"z":0.09451185166835785,"w":0.8843591213226318},"size":24.851638793945314,"orthographic":false}