{"cameraMode":{"drawMode":0,"name":"Shaded","section":"Shading Mode"},"sceneLighting":true,"audioPlay":false,"sceneViewState":{"m_AlwaysRefresh":false,"showFog":true,"showSkybox":true,"showFlares":true,"showImageEffects":true,"showParticleSystems":true,"showVisualEffectGraphs":true,"m_FxEnabled":true},"in2DMode":false,"pivot":{"x":3.966754198074341,"y":-28.83387565612793,"z":17.062938690185548},"rotation":{"x":0.32283666729927065,"y":0.07176066190004349,"z":-0.024557989090681077,"w":0.9434491395950317},"size":59.01942825317383,"orthographic":false}