{"cameraMode":{"drawMode":0,"name":"Shaded","section":"Shading Mode"},"sceneLighting":false,"audioPlay":false,"sceneViewState":{"m_AlwaysRefresh":false,"showFog":true,"showSkybox":false,"showFlares":true,"showImageEffects":true,"showParticleSystems":true,"showVisualEffectGraphs":true,"m_FxEnabled":true},"in2DMode":false,"pivot":{"x":12.027236938476563,"y":2.832345485687256,"z":5.585546016693115},"rotation":{"x":-0.0635572001338005,"y":0.021557476371526719,"z":-0.0013464384246617556,"w":-0.9978122711181641},"size":7.234612464904785,"orthographic":false}