{"cameraMode":{"drawMode":0,"name":"Shaded","section":"Shading Mode"},"sceneLighting":false,"audioPlay":false,"sceneViewState":{"m_AlwaysRefresh":false,"showFog":true,"showSkybox":false,"showFlares":true,"showImageEffects":true,"showParticleSystems":true,"showVisualEffectGraphs":true,"m_FxEnabled":true},"in2DMode":false,"pivot":{"x":10.270000457763672,"y":7.125000953674316,"z":8.649999618530274},"rotation":{"x":0.32283666729927065,"y":0.07176066190004349,"z":-0.024557989090681077,"w":0.9434491395950317},"size":6.973968982696533,"orthographic":false}