{"cameraMode":{"drawMode":0,"name":"Shaded","section":"Shading Mode"},"sceneLighting":true,"audioPlay":false,"sceneViewState":{"m_AlwaysRefresh":false,"showFog":true,"showSkybox":true,"showFlares":true,"showImageEffects":true,"showParticleSystems":true,"showVisualEffectGraphs":true,"m_FxEnabled":true},"in2DMode":false,"pivot":{"x":-1.5851445198059083,"y":10.846202850341797,"z":-24.061824798583986},"rotation":{"x":0.06532218307256699,"y":-0.031113579869270326,"z":0.002026517642661929,"w":0.9974104762077332},"size":12.12435531616211,"orthographic":false}